ticker,name,market_cap_usd,cap_bucket,areas,phase3_trials,analyst_rating,rating_mean,analysts,target_price,upside_pct
LONA,"LeonaBio, Inc.",53891910.383256435,Micro,Oncology,1,none,,3,17.33333,203.0
ALDX,"Aldeyra Therapeutics, Inc.",57316132.874005616,Micro,Oncology,1,strong_buy,1.5,5,6.6,594.7
RNXT,"RenovoRx, Inc.",60022247.57674837,Micro,Oncology,1,none,,4,7.125,435.7
MAIA,"MAIA Biotechnology, Inc.",70385817.55677438,Micro,Oncology,1,none,,2,12.0,952.6
VRCA,Verrica Pharmaceuticals Inc.,71291967.6882968,Micro,Oncology,3,strong_buy,1.28571,6,13.83333,233.3
CRBP,"Corbus Pharmaceuticals Holdings, Inc.",101831905.06265879,Micro,Oncology,1,strong_buy,1.0,10,34.025,546.2
KZIA,KAZIA THERAPEUTICS LTD,103641970.44278717,Micro,Oncology,1,none,,6,28.257936,211.6
GNLX,GENELUX Corp,113565790.41850686,Micro,Oncology,1,none,,6,18.83333,650.3
HURA,"TuHURA Biosciences, Inc./NV",121717836.34289467,Micro,Oncology,1,none,,5,8.04,320.9
TARA,"Protara Therapeutics, Inc.",147536122.125,Micro,Oncology,1,strong_buy,1.25,7,25.71429,879.6
ALXO,ALX ONCOLOGY HOLDINGS INC,159709927.57886338,Micro,Oncology,1,none,,5,4.6,298.3
IPHA,Innate Pharma SA,168667522.90474248,Micro,Oncology,1,none,,3,6.66667,341.5
RNAC,"Cartesian Therapeutics, Inc.",204020913.9643669,Micro,Oncology,1,strong_buy,1.14286,6,33.66667,399.3
LYEL,"Lyell Immunopharma, Inc.",212337045.83020306,Micro,Oncology,1,buy,1.625,8,37.875,337.1
GLSI,"Greenwich LifeSciences, Inc.",214522006.5604248,Micro,Oncology,1,none,,2,57.0,290.0
IMRX,Immuneering Corp,238733417.08201504,Micro,Oncology,1,strong_buy,1.28571,6,17.16667,365.2
RLMD,"RELMADA THERAPEUTICS, INC.",339210117.4009805,Small,Oncology,1,none,,4,10.75,238.1
AGEN,AGENUS INC,340295030.1688385,Small,Oncology,2,strong_buy,1.0,3,26.33333,249.5
TTRX,Turn Therapeutics Inc.,357427889.9812317,Small,Allergy,1,strong_buy,1.0,2,25.0,112.4
KYTX,"Kyverna Therapeutics, Inc.",377863451.0969906,Small,Oncology,1,strong_buy,1.33333,5,30.4,397.5
MYGN,MYRIAD GENETICS INC,403163268.26997757,Small,Allergy; Oncology,6,hold,3.22222,8,4.05,-3.9
EIKN,"Eikon Therapeutics, Inc.",403258657.64804363,Small,Melanoma; Oncology,3,none,,5,24.6,230.4
ANGO,ANGIODYNAMICS INC,483626175.0,Small,Oncology,3,none,,4,20.0,73.9
DCTH,"DELCATH SYSTEMS, INC.",516144575.625,Small,Melanoma; Oncology,2,none,,5,24.0,61.3
OCS,Oculis Holding AG,532120971.86458683,Small,Allergy,1,strong_buy,1.3,10,36.55245,323.1
OLMA,"Olema Pharmaceuticals, Inc.",679856404.7211156,Small,Oncology,2,none,,10,36.5,369.8
AURA,"Aura Biosciences, Inc.",680822077.0190368,Small,Melanoma; Oncology,2,none,,5,16.6,152.9
CADL,"Candel Therapeutics, Inc.",709988585.1645842,Small,Oncology,2,strong_buy,1.0,8,21.75,124.5
VSTM,"Verastem, Inc.",722696260.9073606,Small,Oncology,1,strong_buy,1.1,9,15.0,88.0
GERN,GERON CORP,770968121.4355195,Small,Oncology,1,none,,4,4.25,254.2
AVBP,"ArriVent BioPharma, Inc.",815056794.2269306,Small,Oncology,2,strong_buy,1.0,9,22.77778,37.8
CRVS,"Corvus Pharmaceuticals, Inc.",847518494.7552032,Small,Oncology,1,strong_buy,1.125,7,33.14286,229.0
MLTX,MoonLake Immunotherapeutics,858726464.6362495,Small,Oncology,1,buy,1.86667,13,28.53846,182.8
KURA,"Kura Oncology, Inc.",925190403.664217,Small,Oncology,1,strong_buy,1.3125,13,31.84615,206.2
BCAX,Bicara Therapeutics Inc.,1111709417.7328072,Small,Oncology,1,strong_buy,1.35714,12,35.5,109.8
VOR,Vor Biopharma Inc.,1125562620.781376,Small,Oncology,1,strong_buy,1.33333,8,39.0,105.0
ORIC,"Oric Pharmaceuticals, Inc.",1226729187.714035,Small,Allergy; Oncology,2,strong_buy,1.25,14,21.42857,81.1
REPL,"Replimune, Inc.",1234277241.341938,Small,Melanoma; Oncology,3,buy,1.75,6,19.5,48.9
INBX,"Inhibrx Biosciences, Inc.",1359764598.4170532,Small,Oncology,1,none,,3,266.66666,188.6
NKTR,NEKTAR THERAPEUTICS,1380401257.8396149,Small,Allergy,2,strong_buy,1.41667,10,141.4,249.7
IMCR,Immunocore Ltd,1505819549.292902,Small,Melanoma; Oncology,5,strong_buy,1.33333,11,62.72727,114.5
SNDX,Syndax Pharmaceuticals Inc,1518050462.0,Small,Oncology,2,strong_buy,1.16667,11,37.54545,120.9
NVCR,NovoCure Ltd,1624419445.7897186,Small,Oncology,2,buy,2.0,7,26.85714,92.5
NUVB,Nuvation Bio Inc.,1669591013.097865,Small,Oncology,4,strong_buy,1.45455,11,13.0,173.4
NTLA,"Intellia Therapeutics, Inc.",1682220965.5012274,Small,Allergy,1,buy,2.35,18,23.11111,92.5
GENB,"Generate Biomedicines, Inc.",1759711902.4562569,Small,Allergy,2,strong_buy,1.33333,5,27.0,96.9
BHVN,Biohaven Ltd.,1785337445.3250961,Small,Oncology,1,buy,1.82353,15,21.26667,79.9
URGN,UroGen Pharma Ltd.,1832776694.969925,Small,Oncology,3,strong_buy,1.375,8,60.0,60.0
ADRX,"ADARx Pharmaceuticals, Inc.",1867421232.8113556,Small,Allergy,2,none,,,,
PVLA,"PALVELLA THERAPEUTICS, INC.",1868554226.618225,Small,Oncology,1,none,,15,230.53333,77.8
AGIO,"AGIOS PHARMACEUTICALS, INC.",1887474985.7653236,Small,Oncology,1,buy,1.6,8,46.0,45.5
LKFT,Lakefront Biotherapeutics NV,1938346256.9804192,Small,Oncology,1,none,,3,30.213802,2.1
WGS,GeneDx Holdings Corp.,1996619028.9388275,Small,Oncology,1,strong_buy,1.125,8,93.5,39.7
BCRX,BIOCRYST PHARMACEUTICALS INC,2119663715.4707813,Mid,Allergy,2,buy,1.54545,11,20.72727,149.9
SLS,"SELLAS Life Sciences Group, Inc.",2190486941.868437,Mid,Oncology,1,none,,2,32.5,191.7
IMNM,Immunome Inc.,2251499444.2770767,Mid,Oncology,1,strong_buy,1.3125,15,35.2,84.5
CLDX,"Celldex Therapeutics, Inc.",2280497681.175934,Mid,Allergy,4,strong_buy,1.26667,14,63.07143,117.2
NRIX,"Nurix Therapeutics, Inc.",2310180287.333742,Mid,Oncology,1,none,,14,33.92857,52.4
RCUS,"Arcus Biosciences, Inc.",2944349703.2285385,Mid,Oncology,4,strong_buy,1.30769,11,39.90909,70.5
CELC,Celcuity Inc.,3270608551.526001,Mid,Oncology,2,strong_buy,1.25,11,156.90909,134.8
IDYA,"IDEAYA Biosciences, Inc.",3477481091.698761,Mid,Melanoma; Oncology,6,strong_buy,1.35714,12,52.75,46.4
VCYT,"VERACYTE, INC.",3486947957.125,Mid,Oncology,2,buy,1.61538,12,58.41667,34.7
RLAY,"Relay Therapeutics, Inc.",3808681362.8690243,Mid,Oncology,1,strong_buy,1.23077,12,27.58333,58.7
GRFS,Grifols SA,5026087199.967516,Mid,Oncology,1,none,,2,10.865,47.1
COGT,"Cogent Biosciences, Inc.",5205749460.0,Mid,Oncology,1,strong_buy,1.33333,11,55.81818,86.1
ERAS,"Erasca, Inc.",5316382865.288186,Mid,Melanoma; Oncology,2,none,,9,24.11111,58.6
CGON,"CG Oncology, Inc.",5606503718.75,Mid,Oncology,2,none,,13,91.07692,44.0
IOVA,"IOVANCE BIOTHERAPEUTICS, INC.",6038109154.001022,Mid,Melanoma; Oncology,2,buy,1.6,10,12.8,-4.0
IMVT,"Immunovant, Inc.",6274037715.75,Mid,Oncology,1,none,,16,48.875,60.9
IONS,IONIS PHARMACEUTICALS INC,7215722956.947418,Mid,Allergy; Oncology,3,buy,1.82609,22,83.63636,92.6
AXSM,"Axsome Therapeutics, Inc.",8826953513.299286,Mid,Allergy,2,strong_buy,1.22727,22,284.62772,68.9
PTGX,"Protagonist Therapeutics, Inc",9123868185.0,Mid,Oncology,2,strong_buy,1.23077,13,174.6923,23.9
IBRX,"ImmunityBio, Inc.",10574516373.427956,Large,Oncology,2,strong_buy,1.33333,4,12.75,27.8
HALO,"HALOZYME THERAPEUTICS, INC.",12439380626.815796,Large,Melanoma; Oncology,2,buy,1.66667,9,100.44444,-8.4
CORT,CORCEPT THERAPEUTICS INC,12781564951.786057,Large,Oncology,1,buy,2.0,5,141.0,19.2
SMMT,Summit Therapeutics Inc.,13673427691.372284,Large,Oncology,6,buy,1.76471,13,29.770966,73.7
JAZZ,Jazz Pharmaceuticals,14391237623.463562,Large,Oncology,8,strong_buy,1.5,22,294.5,32.8
EXEL,"EXELIXIS, INC.",14807433498.026657,Large,Oncology,12,buy,2.33333,15,54.53333,-8.7
GH,"Guardant Health, Inc.",21963067829.759064,Large,Oncology,2,strong_buy,1.34615,25,199.84,22.1
INCY,INCYTE CORP,22992005390.638443,Large,Allergy; Oncology,9,buy,2.28571,24,128.91667,13.7
BNTX,BioNTech SE,23247707591.50107,Large,Oncology,13,buy,1.7,20,115.90188,25.2
RVMD,"Revolution Medicines, Inc.",39575076088.69943,Large,Oncology,7,strong_buy,1.29167,23,258.83698,40.2
ONC,BeOne Medicines Ltd.,39625566464.62439,Large,Allergy; Oncology,21,strong_buy,1.33333,27,435.2011,25.0
VEEV,VEEVA SYSTEMS INC,45855824694.64264,Large,Oncology,3,buy,1.96429,26,295.26923,4.3
NTRA,"Natera, Inc.",56073538176.15082,Large,Oncology,6,strong_buy,1.3913,22,379.93182,-2.3
TAK,TAKEDA PHARMACEUTICAL CO LTD,59019723796.03261,Large,Oncology,8,strong_buy,1.0,3,22.038761,19.3
REGN,Regeneron Pharmaceuticals,75830979876.97534,Large,Allergy; Melanoma; Oncology,35,buy,1.85185,26,856.2308,16.2
MRNA,"ModernaTX, Inc.",77872953404.80402,Large,Melanoma; Oncology,5,hold,2.82609,18,121.0,-38.0
SNY,Sanofi,97419303332.88467,Large,Allergy; Oncology,21,buy,2.0,9,53.61111,33.6
BMY,Bristol-Myers Squibb,121449603612.80225,Large,Allergy; Melanoma; Oncology,43,buy,2.5,24,66.16667,11.3
PFE,PFIZER INC,158564917506.57767,Large,Allergy; Melanoma; Oncology,48,buy,2.46429,26,29.02885,4.3
GILD,"GILEAD SCIENCES, INC.",181529427123.91434,Large,Oncology,14,buy,1.67857,26,159.26923,8.8
AMGN,AMGEN INC,219815564933.09647,Large,Allergy; Melanoma; Oncology,25,hold,2.64706,29,391.46103,-3.7
AZN,AstraZeneca,245198207276.17743,Large,Allergy; Oncology,168,buy,1.75,12,206.90833,30.9
NVS,NOVARTIS AG,271498100784.97437,Large,Allergy; Oncology,45,hold,2.58333,11,155.01364,8.5
RHHBY,Hoffmann-La Roche,339294793474.07605,Large,Allergy; Melanoma; Oncology,60,buy,2.25,7,60.3,13.3
MRK,Merck Sharp & Dohme LLC,347895859121.8014,Large,Allergy; Melanoma; Oncology,123,buy,1.77778,25,156.28,10.8
ABBV,AbbVie Inc.,477210001242.9941,Large,Allergy; Oncology,32,buy,1.7,28,280.7857,4.0
JNJ,"Janssen Research & Development, LLC",615970096102.0537,Large,Allergy; Oncology,45,buy,1.91304,22,279.63635,9.4
