ticker,company,market_cap_usd,area,nct_id,title,status,start_date,primary_completion,enrollment,conditions,interventions,url
GNLX,GENELUX Corp,121257500.82045197,Oncology,NCT05281471,"Efficacy & Safety of Olvi-Vec and Platinum-doublet + Bevacizumab Compared to Physician's Choice of Chemotherapy and Bevacizumab in Platinum-Resistant/Refractory Ovarian Cancer (PRROC) (OnPrime, GOG-3076)",RECRUITING,2022-08-31,2026-12,186,Platinum-resistant Ovarian Cancer; Platinum-refractory Ovarian Cancer; Fallopian Tube Cancer; Primary Peritoneal Cancer; High-grade Serous Ovarian Cancer; Endometrioid Ovarian Cancer; Ovarian Clear Cell Carcinoma,"olvimulogene nanivacirepvec; Platinum chemotherapy: carboplatin (preferred) or cisplatin; Non-platinum chemotherapy: Physician's Choice of gemcitabine, taxane (paclitaxel, docetaxel or nab-paclitaxel) or pegylated liposomal doxorubicin; Bevacizumab (or biosimilar)",https://clinicaltrials.gov/study/NCT05281471
HURA,"TuHURA Biosciences, Inc./NV",145296684.93676686,Oncology,NCT06947928,Placebo-Controlled Trial of IFx-Hu2.0 Followed By Pembrolizumab In Checkpoint Inhibitor Naïve Participants With Advanced Or Metastatic Merkel Cell Carcinoma,RECRUITING,2025-12-11,2027-03-31,118,Advanced Or Metastatic Merkel Cell Carcinoma,IFx-Hu2.0; Placebo; Pembrolizumab,https://clinicaltrials.gov/study/NCT06947928
CRBP,"Corbus Pharmaceuticals Holdings, Inc.",193219512.64312935,Oncology,NCT07768189,A Study to Evaluate CRB-701 Compared to Investigator's Choice Therapy in Previously Treated Oropharyngeal Squamous Cell Carcinoma,NOT_YET_RECRUITING,2026-09-20,2027-12,260,Oropharyngeal Carcinoma (OPC),CRB-701; capcitabine; Cetuximab (EGFR inhibitor); Docetaxel,https://clinicaltrials.gov/study/NCT07768189
TARA,"Protara Therapeutics, Inc.",222568780.6640215,Oncology,NCT07480356,Efficacy and Safety of Intravesical TARA-002 Compared With Investigator's Choice of Intravesical Chemotherapy in Participants With BCG-naïve High-grade Non-muscle Invasive Bladder Cancer,RECRUITING,2026-05-29,2028-04,284,"Bladder (Urothelial, Transitional Cell) Cancer; Non-Muscle Invasive Bladder Carcinoma; Non-muscle Invasive Bladder Cancer With Carcinoma in Situ",TARA-002; Investigator's Choice of Intravesical Chemotherapy,https://clinicaltrials.gov/study/NCT07480356
GLSI,"Greenwich LifeSciences, Inc.",254520128.9597168,Oncology,NCT05232916,Phase 3 Study to Evaluate the Efficacy and Safety of HER2/Neu Peptide GLSI-100 (GP2 + GM-CSF) in HER2/Neu Positive Subjects,RECRUITING,2022-12-16,2031-12,2250,Breast Cancer,Placebo; GLSI-100,https://clinicaltrials.gov/study/NCT05232916
SLGL,Sol-Gel Technologies Ltd.,255045757.4154663,Oncology,NCT06050122,Efficacy and Safety of Patidegib Gel 2% for Preventing Basal Cell Carcinomas on the Face of Adults With Gorlin Syndrome,ACTIVE_NOT_RECRUITING,2024-03-17,2026-10,140,Gorlin Syndrome,Patidegib Topical Gel; Patidegib Topical Gel with no active patidegib,https://clinicaltrials.gov/study/NCT06050122
ALXO,ALX ONCOLOGY HOLDINGS INC,284850605.90772676,Oncology,NCT05002127,A Study of Evorpacept (ALX148) in Patients With Advanced HER2+ Gastric Cancer (ASPEN-06),ACTIVE_NOT_RECRUITING,2022-01-15,2024-05-24,127,Gastric Cancer; Gastroesophageal Junction Adenocarcinoma; Gastric Adenocarcinoma,Evorpacept (ALX148); Trastuzumab; Ramucirumab; Paclitaxel,https://clinicaltrials.gov/study/NCT05002127
BKTI,BK Technologies Corp,292730763.5439148,Allergy,NCT07003919,Safety Study of Viaskin® Peanut Patch in Peanut-Allergic Children 1 Through 3 Years of Age (COMFORT Toddlers),ACTIVE_NOT_RECRUITING,2025-06-24,2026-11,480,Allergy; Peanut Allergy,DBV712 250 mcg; Placebo,https://clinicaltrials.gov/study/NCT07003919
BKTI,BK Technologies Corp,292730763.5439148,Allergy,NCT05741476,Safety and Efficacy Study of Viaskin Peanut in Peanut-allergic Children 4-7 Years of Age,ACTIVE_NOT_RECRUITING,2023-02-21,2025-11-06,600,"Allergy, Peanut",DBV712; Placebo; DBV712,https://clinicaltrials.gov/study/NCT05741476
RNAC,"Cartesian Therapeutics, Inc.",317378635.5550995,Oncology,NCT06799247,"Investigating an mRNA CAR T-cell Therapy, Known as Descartes-08, as a Potential Approach to Treat Myasthenia Gravis",RECRUITING,2025-05-06,2026-11-30,100,Myasthaenia Gravis,Decartes-08; Placebo Drug,https://clinicaltrials.gov/study/NCT06799247
IMRX,Immuneering Corp,344837147.72397995,Oncology,NCT07562152,Atebimetinib + GnP as a First Line Treatment in Patients With Metastatic Pancreatic Adenocarcinoma,RECRUITING,2026-06-05,2028-06,510,Pancreatic Cancer; Pancreatic Cancer Metastatic; PDAC; PDAC - Pancreatic Ductal Adenocarcinoma; Pancreatic Ductal Adenocarcinoma; Pancreatic Adenocarcinoma Metastatic; Pancreatic Ductal Adenocarcinoma (PDAC); Pancreatic Adenocarcinoma,Atebimetinib; GnP; mGnP,https://clinicaltrials.gov/study/NCT07562152
LYEL,"Lyell Immunopharma, Inc.",386201027.76878166,Oncology,NCT07188558,A Study to Investigate Ronde-cel Versus Investigator's Choice CD19 CAR T-Cell Therapy,RECRUITING,2026-01-12,2029-12,400,"Large B-cell Lymphoma; Lymphoma, B-Cell; Relapsed Non-Hodgkin Lymphoma; Refractory Non-Hodgkin Lymphoma; Non-Hodgkin Lymphoma; Non-Hodgkin Lymphoma Refractory/ Relapsed; Diffuse Large B Cell Lymphoma (DLBCL); Diffuse Large B Cell Lymphoma Refractory; Diffuse Large B Cell Lymphoma Relapsed",rondecabtagene autoleucel; axicabtagene ciloleucel; lisocabtagene maraleucel,https://clinicaltrials.gov/study/NCT07188558
ACTG,ACACIA RESEARCH CORP,444019981.3632059,Oncology,NCT04851717,Investigation of Remimazolam in Children Undergoing Sedation for Medical Procedures,ACTIVE_NOT_RECRUITING,2021-11-15,2027-10,100,Pediatric ALL,Remimazolam,https://clinicaltrials.gov/study/NCT04851717
RLMD,"RELMADA THERAPEUTICS, INC.",515215348.0417366,Oncology,NCT07464145,A Study of NDV-01 (Sustained-release Gemcitabine-docetaxel) in Participants With Non-muscle Invasive Bladder Cancer,NOT_YET_RECRUITING,2026-06,2029-09,393,"Bladder (Urothelial, Transitional Cell) Cancer; Bladder (Urothelial, Transitional Cell) Cancer Superficial (Non-Invasive); Urothelial Carcinoma Bladder; Urothelial Carcinoma Recurrent; Urologic Cancer",NDV-01 (sustained-release gemcitabine-docetaxel),https://clinicaltrials.gov/study/NCT07464145
KYTX,"Kyverna Therapeutics, Inc.",548551341.2025795,Oncology,NCT06193889,"KYSA-6: A Study of Anti-CD19 Chimeric Antigen Receptor T-Cell Therapy, in Patients With Generalized Myasthenia Gravis",RECRUITING,2024-08-28,2027-09,66,Myasthenia Gravis; Generalized Myasthenia Gravis,Standard of Care Treatment; Standard lymphodepletion regimen; KYV-101,https://clinicaltrials.gov/study/NCT06193889
DCTH,"DELCATH SYSTEMS, INC.",595084321.0134602,Oncology,NCT05022901,An Open-Label Expanded Access Study of the Melphalan/Hepatic Delivery System (HDS) in Patients With Hepatic Dominant Ocular Melanoma,ACTIVE_NOT_RECRUITING,2022-06-10,2024-03-01,30,Metastatic Ocular Melanoma; Metastatic Uveal Melanoma,Melphalan (3 mg/kg IBW) with Hepatic Delivery System (HDS),https://clinicaltrials.gov/study/NCT05022901
DCTH,"DELCATH SYSTEMS, INC.",595084321.0134602,Melanoma,NCT05022901,An Open-Label Expanded Access Study of the Melphalan/Hepatic Delivery System (HDS) in Patients With Hepatic Dominant Ocular Melanoma,ACTIVE_NOT_RECRUITING,2022-06-10,2024-03-01,30,Metastatic Ocular Melanoma; Metastatic Uveal Melanoma,Melphalan (3 mg/kg IBW) with Hepatic Delivery System (HDS),https://clinicaltrials.gov/study/NCT05022901
EIKN,"Eikon Therapeutics, Inc.",650522022.6973915,Oncology,NCT07365319,A Safety and Efficacy Study of EIK1001 in Combination With Pembrolizumab and Chemotherapy in Participants With Stage 4 Non-Small Cell Lung Cancer.,RECRUITING,2026-06-15,2035-12-31,750,Non Small Cell Lung Cancer (Squamous or Non Squamous); Stage 4 NSCLC,EIK1001; Pembrolizumab (KEYTRUDA®); Placebo; Paclitaxel + Carboplatin; Nab-paclitaxel + Carboplatin; Pemetrexed + Cisplatin /Carboplatin,https://clinicaltrials.gov/study/NCT07365319
EIKN,"Eikon Therapeutics, Inc.",650522022.6973915,Oncology,NCT06697301,Safety and Efficacy of EIK1001 in Combo With Pembro Versus Placebo and Pembro as First-Line Therapy in Patients With Advanced Melanoma.,RECRUITING,2025-05-22,2035-12,740,Advanced Melanoma,EIK1001; Pembrolizumab (KEYTRUDA® ),https://clinicaltrials.gov/study/NCT06697301
EIKN,"Eikon Therapeutics, Inc.",650522022.6973915,Melanoma,NCT06697301,Safety and Efficacy of EIK1001 in Combo With Pembro Versus Placebo and Pembro as First-Line Therapy in Patients With Advanced Melanoma.,RECRUITING,2025-05-22,2035-12,740,Advanced Melanoma,EIK1001; Pembrolizumab (KEYTRUDA® ),https://clinicaltrials.gov/study/NCT06697301
VSTM,"Verastem, Inc.",661113136.5736055,Oncology,NCT06072781,A Study of Avutometinib (VS-6766) + Defactinib (VS-6063) in Recurrent Low-Grade Serous Ovarian Cancer,RECRUITING,2024-03-18,2028-10-15,270,Low Grade Serous Ovarian Cancer,avutometinib; Defactinib; Pegylated liposomal doxorubicin; Paclitaxel; Letrozole; Anastrozole,https://clinicaltrials.gov/study/NCT06072781
ANGO,ANGIODYNAMICS INC,664211478.6163559,Oncology,NCT03899636,A Pivotal Study of Safety and Effectiveness of NanoKnife IRE for Stage 3 Pancreatic Cancer,ACTIVE_NOT_RECRUITING,2021-02-23,2025-04,528,Stage III Pancreatic Cancer,Modified FOLFIRINOX Regimen; NanoKnife System,https://clinicaltrials.gov/study/NCT03899636
OCS,Oculis Holding AG,753514413.8242111,Allergy,NCT07623668,Privosegtor Investigation in Optic Neuropathies Efficacy Evaluation Research,RECRUITING,2026-05-28,2027-12,210,Optic Neuritis,Privosegtor; Methylprednisolone; Placebo,https://clinicaltrials.gov/study/NCT07623668
AURA,"Aura Biosciences, Inc.",807860458.1539755,Oncology,NCT06007690,"A Phase 3 Randomized, Masked, Controlled Trial to Evaluate Efficacy and Safety of Belzupacap Sarotalocan (AU-011) Treatment Compared to Sham Control in Subjects With Primary Indeterminate Lesions or Small Choroidal Melanoma",ACTIVE_NOT_RECRUITING,2023-12-06,2027-11-15,108,Choroidal Melanoma; Indeterminate Lesions; Uveal Melanoma; Ocular Melanoma,Bel-sar; Suprachoroidal Microinjector; Infrared Laser; Sham Infrared Laser; Sham Microinjector,https://clinicaltrials.gov/study/NCT06007690
AURA,"Aura Biosciences, Inc.",807860458.1539755,Melanoma,NCT06007690,"A Phase 3 Randomized, Masked, Controlled Trial to Evaluate Efficacy and Safety of Belzupacap Sarotalocan (AU-011) Treatment Compared to Sham Control in Subjects With Primary Indeterminate Lesions or Small Choroidal Melanoma",ACTIVE_NOT_RECRUITING,2023-12-06,2027-11-15,108,Choroidal Melanoma; Indeterminate Lesions; Uveal Melanoma; Ocular Melanoma,Bel-sar; Suprachoroidal Microinjector; Infrared Laser; Sham Infrared Laser; Sham Microinjector,https://clinicaltrials.gov/study/NCT06007690
CADL,"Candel Therapeutics, Inc.",989148226.5,Oncology,NCT07660094,Aglatimagene Besadenovec + Prodrug and Pembrolizumab vs Docetaxel for Stage IV Non-Squamous NSCLC Progressing on Pembrolizumab (AURORA),RECRUITING,2026-06-15,2031-10-22,500,"Non-squamous, Non-Small Cell Lung Cancer",Aglatimagene Besadenovec; Valacyclovir; Pembrolizumab; Docetaxel,https://clinicaltrials.gov/study/NCT07660094
CADL,"Candel Therapeutics, Inc.",989148226.5,Oncology,NCT01436968,Phase 3 Study of ProstAtak® Immunotherapy With Standard Radiation Therapy for Localized Prostate Cancer,ACTIVE_NOT_RECRUITING,2011-09,2024-08,711,Prostate Cancer,Aglatimagene besadenovec + valacyclovir; Placebo + valacyclovir,https://clinicaltrials.gov/study/NCT01436968
OLMA,"Olema Pharmaceuticals, Inc.",989597971.885457,Oncology,NCT07085767,Palazestrant in Combination With Ribociclib for the First-line Treatment of ER+/HER2- Advanced Breast Cancer,RECRUITING,2025-11-03,2028-12,1000,Breast Cancer; Locally Advanced Breast Cancer; Metastatic Breast Cancer; ER Positive Breast Cancer; HER2 Negative Breast Carcinoma,Palazestrant; Letrozole-matching placebo; Ribociclib; Letrozole; Palazestrant matching-placebo,https://clinicaltrials.gov/study/NCT07085767
OLMA,"Olema Pharmaceuticals, Inc.",989597971.885457,Oncology,NCT06016738,OP-1250 (Palazestrant) vs. Standard of Care for the Treatment of ER+/HER2- Advanced Breast Cancer,ACTIVE_NOT_RECRUITING,2023-11-16,2026-10-31,510,Breast Cancer; Advanced Breast Cancer; Metastatic Breast Cancer; ER Positive Breast Cancer; HER2 Negative Breast Carcinoma,Palazestrant; Fulvestrant; Anastrozole; Letrozole; Exemestane,https://clinicaltrials.gov/study/NCT06016738
GERN,GERON CORP,1021532741.7548636,Oncology,NCT04576156,A Study Comparing Imetelstat Versus Best Available Therapy for the Treatment of Intermediate-2 or High-risk Myelofibrosis (MF) Who Have Not Responded to Janus Kinase (JAK)-Inhibitor Treatment,ACTIVE_NOT_RECRUITING,2021-04-12,2028-06-30,327,Myelofibrosis,Imetelstat; Best Available Therapy (BAT),https://clinicaltrials.gov/study/NCT04576156
KURA,"Kura Oncology, Inc.",1114676532.314952,Oncology,NCT07007312,Studies to Assess Ziftomenib in Combination With Ven+Aza or 7+3 in Patients With Untreated NPM1-m or KMT2A-r AML,RECRUITING,2025-09-26,2031-11,1300,Acute Myeloid Leukemia (AML),Ziftomenib; Placebo; Venetoclax; Azacitidine (AZA); Daunorubicin; Cytarabine (Ara-C),https://clinicaltrials.gov/study/NCT07007312
CRVS,"Corvus Pharmaceuticals, Inc.",1295462505.5104065,Oncology,NCT06561048,"Soquelitinib vs Standard of Care in Participants With Relapsed/Refractory Peripheral T-cell Lymphoma Not Otherwise Specified, Follicular Helper T-cell Lymphomas, or Systemic Anaplastic Large-cell Lymphoma",RECRUITING,2024-10-02,2027-11,150,"Peripheral T-Cell Lymphoma, Not Otherwise Specified; Angioimmunoblastic T-cell Lymphoma; Follicular T-Cell Lymphoma; Nodal Peripheral T-Cell Lymphoma With TFH Phenotype; Systemic Anaplastic Large Cell Lymphoma; Lymphoma, T-Cell, Peripheral; Lymphoma, T-Cell",Soquelitinib; Belinostat; Pralatrexate,https://clinicaltrials.gov/study/NCT06561048
VOR,Vor Biopharma Inc.,1395046888.0062752,Oncology,NCT06456580,A Study of Telitacicept for the Treatment of Generalized Myasthenia Gravis (UPSTREAM MG),RECRUITING,2024-07-17,2027-05,180,Generalized Myasthenia Gravis,Telitacicept; Placebo,https://clinicaltrials.gov/study/NCT06456580
REPL,"Replimune, Inc.",1395392819.0761318,Oncology,NCT06581406,"A Randomized, Phase 2/3 Study to Investigate the Efficacy and Safety of RP2 in Combination With Nivolumab in Immune Checkpoint Inhibitor-Naïve Adult Patients With Metastatic Uveal Melanoma",RECRUITING,2024-12-17,2030-01,280,Metastatic Uveal Melanoma,RP2; Ipilimumab; Nivolumab,https://clinicaltrials.gov/study/NCT06581406
REPL,"Replimune, Inc.",1395392819.0761318,Melanoma,NCT06581406,"A Randomized, Phase 2/3 Study to Investigate the Efficacy and Safety of RP2 in Combination With Nivolumab in Immune Checkpoint Inhibitor-Naïve Adult Patients With Metastatic Uveal Melanoma",RECRUITING,2024-12-17,2030-01,280,Metastatic Uveal Melanoma,RP2; Ipilimumab; Nivolumab,https://clinicaltrials.gov/study/NCT06581406
REPL,"Replimune, Inc.",1395392819.0761318,Melanoma,NCT06264180,VO and Nivolumab vs Physician's Choice in Advanced Melanoma That Progressed on Anti-PD-1 & Anti-CTLA-4 Drugs [IGNYTE-3],RECRUITING,2024-07-11,2030-09-30,400,Advanced Melanoma,Vusolimogene Oderparepvec; Nivolumab; Nivolumab + Relatlimab; Pembrolizumab; Single-agent chemotherapy,https://clinicaltrials.gov/study/NCT06264180
MLTX,MoonLake Immunotherapeutics,1424685887.4206257,Oncology,NCT06641089,Evaluation of Sonelokimab in Patients With Active Psoriatic Arthritis and Anti-TNFα Inadequate Response,RECRUITING,2024-10-15,2027-01-15,600,"Arthritis, Psoriatic",Sonelokimab; Placebo; Risankizumab,https://clinicaltrials.gov/study/NCT06641089
AVBP,"ArriVent BioPharma, Inc.",1480218047.151287,Oncology,NCT07185997,Study to Evaluate Efficacy and Safety of Firmonertinib Compared With Investigator's Choice of EGFR Inhibitor as First-Line Treatment in Participants Who Have Locally Advanced or Metastatic NSCLC With EGFR P-Loop and Alpha C-Helix Compressing (PACC) Uncommon Mutations,RECRUITING,2025-12-17,2029-02,480,Non-Small-Cell Lung Cancer; Metastatic Non-Small-Cell Lung Cancer; Advanced Non-Small-Cell Lung Cancer; EGFR P-Loop and Alpha C-Helix Compressing; EGFR PACC; EGFR Uncommon Mutations,Firmonertinib; EGFR-TKI inhibitor based on investigator's choice,https://clinicaltrials.gov/study/NCT07185997
AVBP,"ArriVent BioPharma, Inc.",1480218047.151287,Oncology,NCT05607550,Study to Compare Furmonertinib to Platinum-Based Chemotherapy for Patients With Locally Advanced or Metastatic Non-Small Cell Lung Cancer (NSCLC) With Epidermal Growth Factor Receptor (EGFR) Exon 20 Insertion Mutations (FURVENT),ACTIVE_NOT_RECRUITING,2023-06-01,2025-08-15,398,Metastatic Non-Small Cell Lung Cancer; Advanced Non-Small Cell Lung Cancer; EGFR Exon 20 Mutations,"furmonertinib 240 mg oral, daily; furmonertinib 160 mg oral, daily; platinum-based chemotherapy",https://clinicaltrials.gov/study/NCT05607550
INBX,"Inhibrx Biosciences, Inc.",1493548186.2062073,Oncology,NCT06295731,INBRX-106 in Combination With Pembrolizumab in First-line PD-L1 CPS≥20 HNSCC,ACTIVE_NOT_RECRUITING,2024-05-14,2029-05,410,Head and Neck Squamous Cell Carcinoma (HNSCC),INBRX-106; Pembrolizumab,https://clinicaltrials.gov/study/NCT06295731
ORIC,"Oric Pharmaceuticals, Inc.",1518511370.8596497,Oncology,NCT07723248,A Study to Learn About the Investigational Drug Rinzimetostat (ORIC-944) in Patients With mCRPC Who Were Previously Treated With Abiraterone Acetate (Himalayas-1),RECRUITING,2026-07,2028-03,600,Metastatic Castration Resistant Prostate Cancer,Rinzimetostat; Darolutamide; Enzalutamide; Docetaxel,https://clinicaltrials.gov/study/NCT07723248
ORIC,"Oric Pharmaceuticals, Inc.",1518511370.8596497,Allergy,NCT07723248,A Study to Learn About the Investigational Drug Rinzimetostat (ORIC-944) in Patients With mCRPC Who Were Previously Treated With Abiraterone Acetate (Himalayas-1),RECRUITING,2026-07,2028-03,600,Metastatic Castration Resistant Prostate Cancer,Rinzimetostat; Darolutamide; Enzalutamide; Docetaxel,https://clinicaltrials.gov/study/NCT07723248
AAPG,ASCENTAGE PHARMA GROUP INTERNATIONAL,1682870068.56958,Oncology,NCT06640361,A Study of Olverembatinib in SDH-deficient GIST.,RECRUITING,2024-11-11,2027-03-31,40,GIST,Olverembatinib,https://clinicaltrials.gov/study/NCT06640361
AAPG,ASCENTAGE PHARMA GROUP INTERNATIONAL,1682870068.56958,Oncology,NCT06389292,A Pivotal Study of APG-2575 (Lisaftoclax) Combined With Azacitidine in the Treatment of Acute Myeloid Leukemia,RECRUITING,2024-06-11,2028-05-25,486,Acute Myeloid Leukemia,APG-2575(Lisaftoclax ); Placebo; Azacitidine Injection,https://clinicaltrials.gov/study/NCT06389292
AAPG,ASCENTAGE PHARMA GROUP INTERNATIONAL,1682870068.56958,Oncology,NCT06319456,A Study of Lisaftoclax (APG-2575) Combined With Acalabrutinib Versus Immunochemotherapy for Newly Diagnosed CLL/SLL.,RECRUITING,2024-04-07,2027-08,344,CLL/SLL,Lisaftoclax (APG-2575); Acalabrutinib; Fludarabine; Cyclophosphamide，CTX; Rituximab; Chlorambucil,https://clinicaltrials.gov/study/NCT06319456
AAPG,ASCENTAGE PHARMA GROUP INTERNATIONAL,1682870068.56958,Oncology,NCT06423911,Study of Olverembatinib (HQP1351) in Patients With CP-CML,RECRUITING,2024-02-05,2025-12,285,"Chronic Myeloid Leukemia; CML; CML, Chronic Phase",olverembatinib; Bosutinib,https://clinicaltrials.gov/study/NCT06423911
AAPG,ASCENTAGE PHARMA GROUP INTERNATIONAL,1682870068.56958,Oncology,NCT06104566,Global Trial in APG2575 for Patients With CLL/SLL,RECRUITING,2023-12-20,2026-12-31,400,CLL/SLL,lisaftoclax +BTK inhibitor; BTK inhibitor,https://clinicaltrials.gov/study/NCT06104566
AAPG,ASCENTAGE PHARMA GROUP INTERNATIONAL,1682870068.56958,Oncology,NCT06051409,A Study of Olverembatinib in Patients With Newly Diagnosed Ph+ ALL (POLARIS-1),RECRUITING,2023-08-31,2027-12-31,350,"Ph+ ALL; Leukemia, Lymphoblastic, Acute, Philadelphia-Positive",Olverembatinib; Investigator's choice of TKI,https://clinicaltrials.gov/study/NCT06051409
BCAX,Bicara Therapeutics Inc.,1699102014.8624573,Oncology,NCT06788990,"FORTIFI-HN01: A Study of Ficerafusp Alfa (BCA101) or Placebo in Combination With Pembrolizumab in First-Line PD-L1-pos, R or M HNSCC",RECRUITING,2025-01-28,2028-04,650,Metastatic Head and Neck Squamous Cell Carcinoma; Recurrent Head and Neck Squamous Cell Carcinoma,Ficerafusp alfa; Pembrolizumab (KEYTRUDA®); Placebo,https://clinicaltrials.gov/study/NCT06788990
HOPE,HOPE BANCORP INC,1784553483.0307503,Oncology,NCT06835400,Oral Paclitaxel + Encequidar vs IV Paclitaxel in Treatment of HER2 Negative Metastatic Breast Cancer,NOT_YET_RECRUITING,2025-09,2028-04,340,Metastatic Breast Cancer,Paclitaxel Capsule; IV Paclitaxel; Encequidar tablet,https://clinicaltrials.gov/study/NCT06835400
SNDX,Syndax Pharmaceuticals Inc,1840430301.3524513,Oncology,NCT07211958,Study of Revumenib in Combination With Intensive Chemotherapy in Newly Diagnosed Acute Myeloid Leukemia (AML) With a NPM1 Mutation,RECRUITING,2025-11-25,2029-06,468,Acute Myeloid Leukemias,Revumenib; Placebo; Intensive Chemotherapy Regimen,https://clinicaltrials.gov/study/NCT07211958
NTLA,"Intellia Therapeutics, Inc.",1860882445.622136,Allergy,NCT06634420,HAELO: A Phase 3 Study to Evaluate NTLA-2002 in Participants With Hereditary Angioedema (HAE),ACTIVE_NOT_RECRUITING,2025-01-15,2026-02-10,80,Hereditary Angioedema,NTLA-2002; Normal Saline IV Administration,https://clinicaltrials.gov/study/NCT06634420
IMCR,Immunocore Ltd,1898239054.0522614,Melanoma,NCT06112314,IMC-F106C Regimen Versus Nivolumab Regimens in Previously Untreated Advanced Melanoma (PRISM-MEL-301),RECRUITING,2024-06-05,2027-10-16,680,Advanced Melanoma,Brenetafusp; Nivolumab; Nivolumab + Relatlimab,https://clinicaltrials.gov/study/NCT06112314
IMCR,Immunocore Ltd,1898239054.0522614,Oncology,NCT05549297,Tebentafusp Regimen Versus Investigator's Choice in Previously Treated Advanced Melanoma (TEBE-AM),RECRUITING,2022-12-19,2028-03,540,Advanced Melanoma,Tebentafusp; Tebentafusp with Pembrolizumab; Investigators Choice,https://clinicaltrials.gov/study/NCT05549297
IMCR,Immunocore Ltd,1898239054.0522614,Melanoma,NCT05549297,Tebentafusp Regimen Versus Investigator's Choice in Previously Treated Advanced Melanoma (TEBE-AM),RECRUITING,2022-12-19,2028-03,540,Advanced Melanoma,Tebentafusp; Tebentafusp with Pembrolizumab; Investigators Choice,https://clinicaltrials.gov/study/NCT05549297
LKFT,Lakefront Biotherapeutics NV,1922629951.1686707,Oncology,NCT06652633,Long-term Follow-up of Participants Treated With Galapagos Chimeric Antigen Receptor (CAR) T-cell Therapies,RECRUITING,2024-09-09,2039-07,546,Hematological Malignancies,GLPG CAR T-cell therapy,https://clinicaltrials.gov/study/NCT06652633
NVCR,NovoCure Ltd,2119314376.8411255,Oncology,NCT06556563,EF-41/KEYNOTE D58: Phase 3 Study of Optune Concomitant With Temozolomide Plus Pembrolizumab in Newly Diagnosed Glioblastoma,RECRUITING,2025-02-03,2029-04,741,Glioblastoma,Optune® device; Temozolomide; Pembrolizumab; Placebo,https://clinicaltrials.gov/study/NCT06556563
NVCR,NovoCure Ltd,2119314376.8411255,Oncology,NCT06216301,LUNAR-2: TTFields With Pembrolizumab + Platinum-based Chemotherapy for Metastatic NSCLC,RECRUITING,2024-07-31,2028-10,734,Metastatic Non-small Cell Lung Cancer,NovoTTF-200T; Pembrolizumab; Platinum based chemotherapy,https://clinicaltrials.gov/study/NCT06216301
PVLA,"PALVELLA THERAPEUTICS, INC.",2160684810.456131,Oncology,NCT06239480,SELVA: A Phase 3 Study Evaluating QTORIN 3.9% Rapamycin Anhydrous Gel in the Treatment of Microcystic Lymphatic Malformations,ACTIVE_NOT_RECRUITING,2024-07-31,2026-01-14,51,Microcystic Lymphatic Malformation,QTORIN 3.9% Rapamycin Anhydrous Gel,https://clinicaltrials.gov/study/NCT06239480
GENB,"Generate Biomedicines, Inc.",2178140750.7873764,Allergy,NCT07359846,A Study to Investigate GB-0895 Adjunctive Therapy in Adults and Adolescents With Severe Uncontrolled Asthma (SOLAIRIA-2),RECRUITING,2026-01-20,2029-01,786,Severe Asthma,GB-0895; Placebo,https://clinicaltrials.gov/study/NCT07359846
GENB,"Generate Biomedicines, Inc.",2178140750.7873764,Allergy,NCT07276724,A Study to Investigate GB-0895 Adjunctive Therapy in Adults and Adolescents With Severe Uncontrolled Asthma (SOLAIRIA-1),RECRUITING,2025-12-03,2028-12,786,Severe Asthma,GB-0895; Placebo,https://clinicaltrials.gov/study/NCT07276724
HCM,HUTCHMED (China) Ltd,2188320401.6419373,Oncology,NCT07409428,A Phase III Study of HMPL-760 Plus R-GemOx VS Placebo Plus R-GemOx in Relapsed/Refractory DLBCL,RECRUITING,2026-03-20,2028-04-30,240,Relapsed/Refractory Diffuse Large B-Cell Lymphoma,HMPL-760; HMPL-760 Placebo; R-GemOx,https://clinicaltrials.gov/study/NCT07409428
HCM,HUTCHMED (China) Ltd,2188320401.6419373,Oncology,NCT06584032,Study of Fruquintinib Plus Sintilimab for Treatment of Advanced Endometrial Cancer,RECRUITING,2024-12-12,2029-01-08,412,Advanced Endometrial Cancer,fruquintinib; sintilimab; paclitaxel; doxorubicin,https://clinicaltrials.gov/study/NCT06584032
HCM,HUTCHMED (China) Ltd,2188320401.6419373,Oncology,NCT06361888,"A Phase II/III Trial to Evaluate the Efficacy and Safety of Surufatinib Combined With Camrelizumab, Nab-paclitaxel, and Gemcitabine in Metastatic Pancreatic Cancer",RECRUITING,2024-05-08,2028-05-31,502,Metastatic Pancreatic Cancer,"Surufatinib Combined With Camrelizumab, Nab-paclitaxel, and Gemcitabine; Nab-paclitaxel Plus Gemcitabine; Surufatinib with Nab-paclitaxel, and Gemcitabine",https://clinicaltrials.gov/study/NCT06361888
HCM,HUTCHMED (China) Ltd,2188320401.6419373,Oncology,NCT06387069,A Study to Evaluate HMPL-306 in Patients With IDH1or IDH2-mutated Acute Myeloid Leukemia,RECRUITING,2024-04-26,2028-12-31,316,Acute Myeloid Leukemia,HMPL-306 Regimen; Salvage Chemotherapy Regimen,https://clinicaltrials.gov/study/NCT06387069
HCM,HUTCHMED (China) Ltd,2188320401.6419373,Oncology,NCT05522231,Efficacy and Safety of Fruquintinib in Combination With Sintilimab in Advanced Renal Cell Carcinoma (FRUSICA-2),ACTIVE_NOT_RECRUITING,2022-10-27,2025-01,265,Advanced Renal Cell Carcinoma,fruquintinib+sintilimab; axitinib / everolimus; fruquintinib,https://clinicaltrials.gov/study/NCT05522231
HCM,HUTCHMED (China) Ltd,2188320401.6419373,Oncology,NCT04353375,HMPL-453 Tartrate in Advanced Intrahepatic Cholangiocarcinoma,RECRUITING,2020-09-03,2028-06-30,235,"Advanced Intrahepatic Cholangiocarcinoma; Solid Tumor, Adult",HMPL-453,https://clinicaltrials.gov/study/NCT04353375
PBH,Prestige Consumer Healthcare Inc.,2448315311.417557,Oncology,NCT03390686,"A Trial to Compare the Efficacy, Safety, Pharmacokinetics and Immunogenicity of HD204 to Avastin® in Advanced Non-squamous Non-small Cell Lung Cancer Patients",ACTIVE_NOT_RECRUITING,2019-11-15,2024-07-01,650,Lung Cancer; Non-small Cell Lung Cancer,Bevacizumab; HD204; Carboplatin; Paclitaxel,https://clinicaltrials.gov/study/NCT03390686
URGN,UroGen Pharma Ltd.,2458203608.311493,Oncology,NCT06774131,A Phase 3 Single-arm Study of UGN-104 for the Treatment of Low-grade Upper Tract Urothelial Cancer,RECRUITING,2025-08-06,2027-03,70,Upper Urinary Tract Urothelial Carcinoma; Urothelial Carcinoma,UGN-104,https://clinicaltrials.gov/study/NCT06774131
URGN,UroGen Pharma Ltd.,2458203608.311493,Oncology,NCT06331299,A Phase 3 Study of UGN-103 for Treatment of Patients With Low-grade Intermediate-risk Non-muscle Invasive Bladder Cancer,ACTIVE_NOT_RECRUITING,2024-08-29,2025-09-11,99,Bladder Cancer; Urothelial Carcinoma; Urothelial Carcinoma Bladder,UGN-103,https://clinicaltrials.gov/study/NCT06331299
URGN,UroGen Pharma Ltd.,2458203608.311493,Oncology,NCT05243550,A Phase 3 Single-Arm Study of UGN-102 for Treatment of Low-Grade Intermediate-Risk Non-Muscle Invasive Bladder Cancer,ACTIVE_NOT_RECRUITING,2022-03-01,2023-04-26,240,Bladder Cancer; Urothelial Carcinoma; Urothelial Carcinoma Bladder,UGN-102,https://clinicaltrials.gov/study/NCT05243550
NUVB,Nuvation Bio Inc.,2549154751.94573,Oncology,NCT07712757,Safety and Efficacy Study of Safusidenib in Participants With Grade 2 IDH1-Mutant Glioma,NOT_YET_RECRUITING,2027-03,2029-05,140,Grade 2 Glioma (Astrocytoma or Oligodendroglioma) With an IDH1 Mutation; Astrocytoma IDH Mutant Grade 2; Oligodendroglioma; Oligodendroglioma IDH-mutant and 1p/19q-codeleted; IDH-mutant Gliomas,Safusidenib; Placebo,https://clinicaltrials.gov/study/NCT07712757
NUVB,Nuvation Bio Inc.,2549154751.94573,Oncology,NCT07154706,Phase 3 Study of Taletrectinib vs Placebo as an Adjuvant Therapy in ROS1 Positive NSCLC (TRUST-IV),RECRUITING,2025-08-21,2030-08-30,180,Non-small Cell Lung Cancer (NSCLC),Taletrectinib; Placebo,https://clinicaltrials.gov/study/NCT07154706
NUVB,Nuvation Bio Inc.,2549154751.94573,Oncology,NCT06564324,A Phase III Study Comparing Taletrectinib With Standard Therapy in ROS1 Positive Locally Advanced or Metastatic Non-small Cell Lung Cancer Patients,RECRUITING,2024-11-27,2029-01,194,Non Small Cell Lung Cancer,Taletrectinib; Crizotinib,https://clinicaltrials.gov/study/NCT06564324
NUVB,Nuvation Bio Inc.,2549154751.94573,Oncology,NCT05303519,SIGMA (Safusidenib in IDH1 Mutant Glioma Maintenance),RECRUITING,2023-06-05,2028-12-01,365,"Glioma; Astrocytoma, Grade IV; IDH1-mutant Glioma; Astrocytoma, IDH-Mutant, Grade 3; Astrocytoma, IDH-Mutant, Grade 4; Astrocytoma, IDH-Mutant, Grade 2; Oligodendroglioma; Oligodendroglioma, IDH-Mutant and 1p/19q-Codeleted",safusidenib; Placebo,https://clinicaltrials.gov/study/NCT05303519
BCRX,BIOCRYST PHARMACEUTICALS INC,2573238429.3668747,Allergy,NCT05453968,Berotralstat Treatment in Children With Hereditary Angioedema,ACTIVE_NOT_RECRUITING,2022-10-25,2024-09-11,29,Hereditary Angioedema; Pediatric,Berotralstat,https://clinicaltrials.gov/study/NCT05453968
BCRX,BIOCRYST PHARMACEUTICALS INC,2573238429.3668747,Allergy,NCT04933721,Open-label Berotralstat Access to HAE Patients Previously Enrolled in Berotralstat Studies,ENROLLING_BY_INVITATION,2021-07-23,2031-08,139,Hereditary Angioedema; HAE,berotralstat,https://clinicaltrials.gov/study/NCT04933721
NKTR,NEKTAR THERAPEUTICS,2597599046.037689,Allergy,NCT07711418,A Phase 3 Study of Rezpegaldesleukin (NKTR-358) for Patients ≥ 12 Years of Age With Moderate-to-Severe Atopic Dermatitis,RECRUITING,2026-08,2028-06,510,Moderate-to-Severe Atopic Dermatitis,Rezpegaldesleukin; Placebo,https://clinicaltrials.gov/study/NCT07711418
NKTR,NEKTAR THERAPEUTICS,2597599046.037689,Allergy,NCT07690371,A Phase 3 Study of Rezpegaldesleukin (NKTR-358) for Patients ≥ 12 Years of Age With Moderate-to-Severe Atopic Dermatitis,RECRUITING,2026-06-29,2028-05,510,Moderate-to-Severe Atopic Dermatitis,Rezpegaldesleukin; Placebo,https://clinicaltrials.gov/study/NCT07690371
SLS,"SELLAS Life Sciences Group, Inc.",2723361224.909374,Oncology,NCT04229979,Galinpepimut-S Versus Investigator's Choice of Best Available Therapy for Maintenance in AML CR2/CRp2,ACTIVE_NOT_RECRUITING,2021-02-08,2025-12,127,Acute Myeloid Leukemia,Galinpepimut-S; Azacitidine; Venetoclax; Decitabine; Cytarabine; Observation,https://clinicaltrials.gov/study/NCT04229979
NRIX,"Nurix Therapeutics, Inc.",2873647637.9408493,Oncology,NCT07516093,Study of NX-5948 Versus Pirtobrutinib in R/R CLL/SLL,NOT_YET_RECRUITING,2026-06,2029-10,620,B-cell Lymphoma; Chronic Lymphocytic Leukemia; Small Lymphocytic Lymphoma,NX-5948; Pirtobrutinib,https://clinicaltrials.gov/study/NCT07516093
CLDX,"Celldex Therapeutics, Inc.",3274681544.313278,Allergy,NCT07266402,"A Study to Investigate Efficacy, Safety and Tolerability of Barzolvolimab Versus Placebo in Adults With Cold Induced Urticaria and Symptomatic Dermographism Inadequately Controlled by H1-antihistamines (EMBARQ - ColdU and SD)",RECRUITING,2026-01-15,2028-06,240,Chronic Inducible Urticaria; Cold Urticaria; Cold-Induced Urticaria; Symptomatic Dermographism,Barzolvolimab; Matching Placebo,https://clinicaltrials.gov/study/NCT07266402
CLDX,"Celldex Therapeutics, Inc.",3274681544.313278,Allergy,NCT07256392,Long-term Efficacy and Safety Extension (LTE) Study of Barzolvolimab in Participants With Chronic Spontaneous Urticaria,ENROLLING_BY_INVITATION,2025-11-25,2028-09,1370,Chronic Spontaneous Urticaria,barzolvolimab; Standard of Care,https://clinicaltrials.gov/study/NCT07256392
CLDX,"Celldex Therapeutics, Inc.",3274681544.313278,Allergy,NCT06455202,A Phase 3 Study of Barzolvolimab in Participants With Chronic Spontaneous Urticaria (CSU),ACTIVE_NOT_RECRUITING,2024-07-19,2026-10,976,Chronic Spontaneous Urticaria,barzolvolimab; Matching placebo,https://clinicaltrials.gov/study/NCT06455202
CLDX,"Celldex Therapeutics, Inc.",3274681544.313278,Allergy,NCT06445023,A Phase 3 Study of Barzolvolimab in Participants With Chronic Spontaneous Urticaria,ACTIVE_NOT_RECRUITING,2024-07-11,2026-10,963,Chronic Spontaneous Urticaria,barzolvolimab; Matching placebo,https://clinicaltrials.gov/study/NCT06445023
IMNM,Immunome Inc.,3377693087.4531937,Oncology,NCT04871282,A Study of AL102 in Patients With Progressing Desmoid Tumors,ACTIVE_NOT_RECRUITING,2021-09-01,2025-12-03,198,Desmoid; Desmoid Tumor,AL102; Placebo,https://clinicaltrials.gov/study/NCT04871282
IOVA,"IOVANCE BIOTHERAPEUTICS, INC.",3619241638.003067,Oncology,NCT05727904,Study to Investigate Lifileucel Regimen Plus Pembrolizumab Compared With Pembrolizumab Alone in Participants With Untreated Advanced Melanoma.,RECRUITING,2023-03-30,2028-03-01,670,Metastatic Melanoma; Unresectable Melanoma; Melanoma,Lifileucel plus Pembrolizumab; Pembrolizumab with Optional Crossover Period,https://clinicaltrials.gov/study/NCT05727904
IOVA,"IOVANCE BIOTHERAPEUTICS, INC.",3619241638.003067,Melanoma,NCT05727904,Study to Investigate Lifileucel Regimen Plus Pembrolizumab Compared With Pembrolizumab Alone in Participants With Untreated Advanced Melanoma.,RECRUITING,2023-03-30,2028-03-01,670,Metastatic Melanoma; Unresectable Melanoma; Melanoma,Lifileucel plus Pembrolizumab; Pembrolizumab with Optional Crossover Period,https://clinicaltrials.gov/study/NCT05727904
IDYA,"IDEAYA Biosciences, Inc.",3750546140.018112,Oncology,NCT07015190,Neoadjuvant Darovasertib in Primary Uveal Melanoma,RECRUITING,2026-01-25,2030-10,520,Uveal Melanoma,Darovasertib; Primary Local Therapy,https://clinicaltrials.gov/study/NCT07015190
IDYA,"IDEAYA Biosciences, Inc.",3750546140.018112,Melanoma,NCT07015190,Neoadjuvant Darovasertib in Primary Uveal Melanoma,RECRUITING,2026-01-25,2030-10,520,Uveal Melanoma,Darovasertib; Primary Local Therapy,https://clinicaltrials.gov/study/NCT07015190
IDYA,"IDEAYA Biosciences, Inc.",3750546140.018112,Oncology,NCT05987332,IDE196 (Darovasertib) in Combination With Crizotinib as First-line Therapy in Metastatic Uveal Melanoma,ACTIVE_NOT_RECRUITING,2023-10-31,2027-01-15,420,Metastatic Uveal Melanoma,IDE196; Crizotinib; Pembrolizumab; Ipilimumab; Nivolumab; Dacarbazine,https://clinicaltrials.gov/study/NCT05987332
IDYA,"IDEAYA Biosciences, Inc.",3750546140.018112,Melanoma,NCT05987332,IDE196 (Darovasertib) in Combination With Crizotinib as First-line Therapy in Metastatic Uveal Melanoma,ACTIVE_NOT_RECRUITING,2023-10-31,2027-01-15,420,Metastatic Uveal Melanoma,IDE196; Crizotinib; Pembrolizumab; Ipilimumab; Nivolumab; Dacarbazine,https://clinicaltrials.gov/study/NCT05987332
PII,Polaris Inc.,3755632584.0,Oncology,NCT05317819,Study of ADI-PEG 20 Versus Placebo in Subjects With High Arginine Level and Unresectable Hepatocellular Carcinoma,RECRUITING,2022-03-14,2028-09,300,Hepatocellular Carcinoma; Advanced Hepatocellular Carcinoma,ADI-PEG20; Placebo,https://clinicaltrials.gov/study/NCT05317819
RCUS,"Arcus Biosciences, Inc.",3817215514.6786537,Oncology,NCT07011719,Study of Casdatifan and Cabozantinib Versus Placebo and Cabozantinib in Patients With Advanced Clear Cell Renal Cell Carcinoma,RECRUITING,2025-09-08,2028-04,720,Metastatic Clear Cell Renal Cell Carcinoma; Advanced Clear Cell Renal Cell Carcinoma,Casdatifan; Cabozantinib; Placebo,https://clinicaltrials.gov/study/NCT07011719
RCUS,"Arcus Biosciences, Inc.",3817215514.6786537,Oncology,NCT06608927,Study of Quemliclustat and Chemotherapy Versus Placebo and Chemotherapy in Patients With Metastatic Pancreatic Ductal Adenocarcinoma,ACTIVE_NOT_RECRUITING,2024-12-13,2030-11-30,610,Metastatic Pancreatic Ductal Adenocarcinoma,Quemliclustat; Placebo; Nab-paclitaxel; Gemcitabine,https://clinicaltrials.gov/study/NCT06608927
RCUS,"Arcus Biosciences, Inc.",3817215514.6786537,Oncology,NCT05568095,"A Clinical Trial of a New Combination Treatment, Domvanalimab and Zimberelimab, Plus Chemotherapy, for People With an Upper Gastrointestinal Tract Cancer That Cannot be Removed With Surgery That Has Spread to Other Parts of the Body",ACTIVE_NOT_RECRUITING,2022-11-21,2026-08,1040,Advanced Upper Gastrointestinal Tract Adenocarcinoma,Domvanalimab; Zimberelimab; Capecitabine; Fluorouracil; Leucovorin; Oxaliplatin,https://clinicaltrials.gov/study/NCT05568095
RLAY,"Relay Therapeutics, Inc.",4544997376.782461,Oncology,NCT06982521,Phase 3 Study of RLY-2608 + Fulvestrant vs Capivasertib + Fulvestrant as Treatment for Locally Advanced or Metastatic PIK3CA-mutant HR+/HER2- Breast Cancer,RECRUITING,2025-08-26,2028-04-30,540,PIK3CA Mutation; HER2- Negative Breast Cancer; Hormone Receptor Positive Tumor; Breast Cancer; Metastatic Breast Cancer; Advanced Breast Cancer,Zovegalisib; Capivasertib; Fulvestrant,https://clinicaltrials.gov/study/NCT06982521
CELC,Celcuity Inc.,4582473258.864166,Oncology,NCT06757634,"Phase 3 Study of Gedatolisib as First-Line Treatment for Patients With HR-Positive, HER2-Negative Advanced Breast Cancer (VIKTORIA-2)",RECRUITING,2025-07-24,2029-03-31,1180,Breast Cancer,Arm A: Gedatolisib + Palbociclib + Fulvestrant; Arm B: Ribociclib + Fulvestrant; Arm C: Gedatolisib + Palbociclib + Letrozole; Arm D: Ribociclib + Letrozole,https://clinicaltrials.gov/study/NCT06757634
CELC,Celcuity Inc.,4582473258.864166,Oncology,NCT05501886,Gedatolisib Plus Fulvestrant With or Without Palbociclib vs Standard-of-Care for the Treatment of Patients With Advanced or Metastatic HR+/HER2- Breast Cancer (VIKTORIA-1),ACTIVE_NOT_RECRUITING,2022-12-08,2026-06-30,701,Breast Cancer,Gedatolisib; Palbociclib; Fulvestrant; Alpelisib,https://clinicaltrials.gov/study/NCT05501886
GRFS,Grifols SA,5614780107.75,Oncology,NCT05645107,"A Study to Evaluate Efficacy, Safety, and PK of XEMBIFY®+Standard Medical Treatment (SMT) Compared to Placebo+SMT to Prevent Infections in Participants With HGG and Recurrent or Severe Infections Associated With B-cell Chronic Lymphocytic Leukemia, Multiple Myeloma, and Non-Hodgkin Lymphoma",RECRUITING,2022-12-26,2029-08,386,Hypogammaglobulinemia; Bacterial Infections; B-cell Chronic Lymphocytic Leukemia; Multiple Myleoma; Non-Hodgkin Lymphoma,Xembify; Placebo,https://clinicaltrials.gov/study/NCT05645107
DNTH,"Dianthus Therapeutics, Inc. /DE/",6215550525.271896,Oncology,NCT07647510,A Phase 3 Study to Evaluate Claseprubart in Adults With Generalized Myasthenia Gravis (EMERGE),RECRUITING,2026-07,2028-12,195,"Myasthenia Gravis, Generalized",Claseprubart; Placebo; Claseprubart; Placebo,https://clinicaltrials.gov/study/NCT07647510
ERAS,"Erasca, Inc.",6320199865.711098,Oncology,NCT06346067,A Study to Assess Naporafenib (ERAS-254) Administered With Trametinib in Patients With NRAS-mutant Melanoma (SEACRAFT-2),ACTIVE_NOT_RECRUITING,2024-04-29,2028-04,78,Advanced or Metastatic NRAS-mutant Melanoma,Naporafenib; Dacarbazine; Temozolomide; Trametinib,https://clinicaltrials.gov/study/NCT06346067
ERAS,"Erasca, Inc.",6320199865.711098,Melanoma,NCT06346067,A Study to Assess Naporafenib (ERAS-254) Administered With Trametinib in Patients With NRAS-mutant Melanoma (SEACRAFT-2),ACTIVE_NOT_RECRUITING,2024-04-29,2028-04,78,Advanced or Metastatic NRAS-mutant Melanoma,Naporafenib; Dacarbazine; Temozolomide; Trametinib,https://clinicaltrials.gov/study/NCT06346067
COGT,"Cogent Biosciences, Inc.",6394395321.92189,Oncology,NCT05208047,(Peak) A Phase 3 Randomized Trial of CGT9486+Sunitinib vs. Sunitinib in Subjects With Gastrointestinal Stromal Tumors,RECRUITING,2022-04-14,2025-09-30,482,Advanced Gastrointestinal Stromal Tumors; Metastatic Cancer,CGT9486; CGT9486; Sunitinib; Sunitinib; Midazolam; CGT9486,https://clinicaltrials.gov/study/NCT05208047
CGON,"CG Oncology, Inc.",7151505482.050896,Oncology,NCT06111235,A Study of Adjuvant Cretostimogene Grenadenorepvec for Treatment of Intermediate Risk NMIBC Following TURBT,ACTIVE_NOT_RECRUITING,2023-12-14,2026-11,367,Non Muscle Invasive Bladder Cancer; Urologic Cancer; Bladder Cancer; Urothelial Carcinoma,Cretostimogene Grenadenorepvec; n-dodecyl-B-D-maltoside,https://clinicaltrials.gov/study/NCT06111235
CGON,"CG Oncology, Inc.",7151505482.050896,Oncology,NCT04452591,"Study of Cretostimogene Given in Patients With Non-Muscle Invasive Bladder Cancer ,Unresponsive to Bacillus-Calmette-Guerin",ACTIVE_NOT_RECRUITING,2020-10-27,2030-06-16,190,Non Muscle Invasive Bladder Cancer; High-grade Ta/ T1 Papillary Disease Bladder Cancer,Cretostimogene Grenadenorepvec; n-dodecyl-B-D-maltoside,https://clinicaltrials.gov/study/NCT04452591
PRMB,Primo Brands Corp,8559968485.179434,Oncology,NCT07698457,Clinical Benefit of 18F-FET in Glioma.,NOT_YET_RECRUITING,2026-10-01,2027-11-30,36,Glioma; 18F-Fluoroethyl-l-tyrosine,18F-Fluoroethyl-l-tyrosine,https://clinicaltrials.gov/study/NCT07698457
IBRX,"ImmunityBio, Inc.",8616469020.778637,Oncology,NCT06745908,Clinical Trial of N-803 Plus Tislelizumab or Prior Failed Immune Checkpoint Inhibitor and Docetaxel Versus Docetaxel Monotherapy in Participants With Advanced or Metastatic Non-Small Cell Lung Cancer Who Have Acquired Resistance to Immune Checkpoint In,RECRUITING,2025-10-01,2028-09,507,NSCLC Stage IV,N-803; Tislelizumab; Docetaxel; Prior failed checkpoint inhibitor,https://clinicaltrials.gov/study/NCT06745908
IBRX,"ImmunityBio, Inc.",8616469020.778637,Oncology,NCT03022825,QUILT-3.032: A Multicenter Clinical Trial of Intravesical Bacillus Calmette-Guerin (BCG) in Combination With ALT-803 (N-803) in Patients With BCG Unresponsive High Grade Non-Muscle Invasive Bladder Cancer,ACTIVE_NOT_RECRUITING,2017-06-02,2024-10-01,190,Bladder Cancer,N-803 and BCG; N-803,https://clinicaltrials.gov/study/NCT03022825
CRNX,"Crinetics Pharmaceuticals, Inc.",8985203170.471497,Oncology,NCT07087054,Carcinoid Syndrome Efficacy Study Featuring an Oral Daily Paltusotine Regimen,RECRUITING,2025-11-19,2027-08,141,Carcinoid Syndrome; Carcinoid; Carcinoid Tumor; Carcinoid Tumor of Ileum; Carcinoid Tumor of Cecum; Carcinoid Tumor of Liver; Carcinoid Tumor of Pancreas; Carcinoid Syndrome Diarrhea; Carcinoid Intestine Tumor,Paltusotine; Placebo,https://clinicaltrials.gov/study/NCT07087054
IMVT,"Immunovant, Inc.",9286608393.615372,Oncology,NCT07039916,Study to Assess the Efficacy and Safety of IMVT-1402 in Participants With Mild to Severe Generalized Myasthenia Gravis,RECRUITING,2025-05-27,2027-12,231,Generalized Myasthenia Gravis,IMVT-1402; IMVT-1402; Placebo; IMVT-1402,https://clinicaltrials.gov/study/NCT07039916
IMVT,"Immunovant, Inc.",9286608393.615372,Oncology,NCT05403541,Phase 3 Study to Assess the Efficacy and Safety of Batoclimab as Induction and Maintenance Therapy in Adult Participants With Generalized Myasthenia Gravis,ACTIVE_NOT_RECRUITING,2022-06-27,2025-01-10,240,Generalized Myasthenia Gravis,Batoclimab 680 mg SC weekly; Batoclimab 340 mg SC weekly; Matching Placebo SC; Batoclimab 340 mg SC bi-weekly,https://clinicaltrials.gov/study/NCT05403541
COMP,"Compass, Inc.",9825851410.416594,Oncology,NCT05506943,"A Study of CTX-009 in Combination With Paclitaxel in Adult Patients With Unresectable Advanced, Metastatic or Recurrent Biliary Tract Cancers (COMPANION-002)",ACTIVE_NOT_RECRUITING,2023-01-09,2026-12-01,168,Biliary Tract Cancer; Cholangiocarcinoma; Gall Bladder Cancer; Ampullary Cancer,CTX-009; Paclitaxel,https://clinicaltrials.gov/study/NCT05506943
PTGX,"Protagonist Therapeutics, Inc",10025901835.879211,Oncology,NCT06033586,Study to Evaluate the Long-term Safety of Rusfertide (PTG-300) in Subjects With Polycythemia Vera,ACTIVE_NOT_RECRUITING,2024-01-22,2026-04-01,46,Polycythemia Vera,Open-label rusfertide,https://clinicaltrials.gov/study/NCT06033586
PTGX,"Protagonist Therapeutics, Inc",10025901835.879211,Oncology,NCT05210790,A Phase 3 Study of Rusfertide in Patients With Polycythemia Vera,ACTIVE_NOT_RECRUITING,2022-04-01,2025-02-21,293,Polycythemia Vera,Placebo; Rusfertide,https://clinicaltrials.gov/study/NCT05210790
IONS,IONIS PHARMACEUTICALS INC,10104006650.811424,Allergy,NCT07298447,Donidalorsen Treatment in Children With Hereditary Angioedema,RECRUITING,2026-04-21,2029-06,20,Hereditary Angioedema (HAE),Donidalorsen,https://clinicaltrials.gov/study/NCT07298447
IONS,IONIS PHARMACEUTICALS INC,10104006650.811424,Allergy,NCT05392114,A Study to Assess the Long-Term Safety and Efficacy of Donidalorsen in the Prophylactic Treatment of Hereditary Angioedema (HAE),ACTIVE_NOT_RECRUITING,2022-07-13,2026-12,154,Hereditary Angioedema,Donidalorsen,https://clinicaltrials.gov/study/NCT05392114
IONS,IONIS PHARMACEUTICALS INC,10104006650.811424,Oncology,NCT04768972,"FUSION: A Study to Evaluate the Efficacy, Safety, Pharmacokinetics and Pharmacodynamics of ION363 in Amyotrophic Lateral Sclerosis Participants With Fused in Sarcoma Mutations (FUS-ALS)",ACTIVE_NOT_RECRUITING,2021-06-14,2026-06-17,89,Amyotrophic Lateral Sclerosis,ION363; Placebo,https://clinicaltrials.gov/study/NCT04768972
SMMT,Summit Therapeutics Inc.,10458497008.33441,Oncology,NCT07228832,Phase III Study of Ivonescimab or Bevacizumab Combined With FOLFOX in Patients With Metastatic Colorectal Cancer,RECRUITING,2025-11-18,2028-05-31,600,Metastatic Colorectal Cancer (CRC),Drug: Ivonescimab Injection; Drug: Bevacizumab Injection,https://clinicaltrials.gov/study/NCT07228832
SMMT,Summit Therapeutics Inc.,10458497008.33441,Oncology,NCT06767514,Clinical Study of Ivonescimab for First-line Treatment of Metastatic NSCLC Patients With High PD-L1,RECRUITING,2025-02-27,2028-04,780,Non-Small Cell Lung Cancer,Ivonescimab Injection; Pembrolizumab Injection,https://clinicaltrials.gov/study/NCT06767514
SMMT,Summit Therapeutics Inc.,10458497008.33441,Oncology,NCT05899608,Clinical Study of Ivonescimab for First-line Treatment of Metastatic NSCLC Patients,RECRUITING,2023-10-26,2028-12-31,1600,Non-Small Cell Lung Cancer,Ivonescimab Injection; Pembrolizumab Injection,https://clinicaltrials.gov/study/NCT05899608
SMMT,Summit Therapeutics Inc.,10458497008.33441,Oncology,NCT06396065,Phase III Study of AK112 for NSCLC Patients,ACTIVE_NOT_RECRUITING,2023-05-04,2025-04-12,420,Non-Squamous Non-small Cell Lung Cancer,AK112 Injection; Placebo Injection,https://clinicaltrials.gov/study/NCT06396065
AXSM,"Axsome Therapeutics, Inc.",11429494327.74643,Allergy,NCT07637162,Open-Label Safety Study of AXS-14 in Subjects With Fibromyalgia,ENROLLING_BY_INVITATION,2026-04-29,2028-05,300,Fibromyalgia,AXS-14 (esreboxetine),https://clinicaltrials.gov/study/NCT07637162
AXSM,"Axsome Therapeutics, Inc.",11429494327.74643,Allergy,NCT07398417,Fibromyalgia Response With Esreboxetine Evaluated Using a Randomized Withdrawal Research Design,RECRUITING,2026-01-14,2028-03,620,Fibromyalgia,AXS-14 (Esreboxetine); Placebo,https://clinicaltrials.gov/study/NCT07398417
CORT,CORCEPT THERAPEUTICS INC,12865870848.06086,Oncology,NCT05257408,"Relacorilant in Combination With Nab-Paclitaxel in Advanced, Platinum-Resistant, High-Grade Epithelial Ovarian, Primary Peritoneal, or Fallopian-Tube Cancer",ACTIVE_NOT_RECRUITING,2022-06-29,2025-03-24,381,Ovarian Neoplasm; Fallopian Tube Neoplasms; Peritoneal Neoplasms,Nab-paclitaxel 80 mg/m^2; Relacorilant 150 mg once daily (QD); Nab-paclitaxel 100 mg/m^2,https://clinicaltrials.gov/study/NCT05257408
EXEL,"EXELIXIS, INC.",13476846076.646057,Oncology,NCT07750158,Zanzalintinib Alone or in Combination With Pembrolizumab and Berahyaluronidase Alfa in Participants With Colorectal Cancer With Molecular Residual Disease,NOT_YET_RECRUITING,2026-08-06,2030-04-05,600,Colorectal Cancer,Zanzalintinib; MK-34574; Placebo,https://clinicaltrials.gov/study/NCT07750158
EXEL,"EXELIXIS, INC.",13476846076.646057,Oncology,NCT07620574,Long-Term Extension Study for Participants Previously Enrolled in an Exelixis-Sponsored Study,ENROLLING_BY_INVITATION,2026-07-30,2030-05-31,5000,Cancer; Renal Cell Carcinoma (RCC); Pancreatic Neuroendocrine Tumors (pNET); Extra-Pancreatic NET (epNET); Hepatocellular Carcinoma (HCC); Differentiated Thyroid Cancer (DTC); Non-Clear Cell Renal Cell Carcinoma (nccRCC); Colorectal Cancer; Prostate Cancer,Cabozantinib; Zanzalintinib; Atezolizumab; Nivolumab; Abiraterone; Prednisone,https://clinicaltrials.gov/study/NCT07620574
EXEL,"EXELIXIS, INC.",13476846076.646057,Oncology,NCT06943755,Zanzalintinib Versus Everolimus in Participants With Locally Advanced or Metastatic Neuroendocrine Tumors,RECRUITING,2025-07-21,2029-06-30,440,Pancreatic Neuroendocrine Tumor (pNET); Extra-Pancreatic Neuroendocrine Tumor (epNET),Zanzalintinib; Everolimus,https://clinicaltrials.gov/study/NCT06943755
EXEL,"EXELIXIS, INC.",13476846076.646057,Oncology,NCT06082167,Study of Zanzalintinib (XL092) + Pembrolizumab vs Pembrolizumab in Subjects With PD-L1 Positive Recurrent or Metastatic Head and Neck Squamous Cell Carcinoma,ACTIVE_NOT_RECRUITING,2024-06-07,2028-08,600,Head and Neck Squamous Cell Carcinoma,Zanzalintinib; Zanzalintinib-matched Placebo; Pembrolizumab,https://clinicaltrials.gov/study/NCT06082167
EXEL,"EXELIXIS, INC.",13476846076.646057,Oncology,NCT05678673,Study of XL092 + Nivolumab vs Sunitinib in Subjects With Advanced or Metastatic Non-Clear Cell Renal Cell Carcinoma,ACTIVE_NOT_RECRUITING,2023-01-01,2026-12-15,317,Non-Clear Cell Renal Cell Carcinoma,XL092; Nivolumab; Sunitinib Malate,https://clinicaltrials.gov/study/NCT05678673
EXEL,"EXELIXIS, INC.",13476846076.646057,Oncology,NCT05425940,Study of XL092 + Atezolizumab vs Regorafenib in Participants With Metastatic Colorectal Cancer,ACTIVE_NOT_RECRUITING,2022-09-07,2026-06-16,901,Colorectal Cancer,XL092; Atezolizumab; Regorafenib,https://clinicaltrials.gov/study/NCT05425940
EXEL,"EXELIXIS, INC.",13476846076.646057,Oncology,NCT04446117,Study of Cabozantinib in Combination With Atezolizumab Versus Second NHT in Subjects With mCRPC,ACTIVE_NOT_RECRUITING,2020-10-19,2024-04-19,575,Metastatic Prostate Cancer; Prostate Adenocarcinoma,Cabozantinib; Atezolizumab; Abiraterone Acetate; Enzalutamide; Prednisone,https://clinicaltrials.gov/study/NCT04446117
EXEL,"EXELIXIS, INC.",13476846076.646057,Oncology,NCT03937219,Study of Cabozantinib in Combination With Nivolumab and Ipilimumab in Patients With Previously Untreated Advanced or Metastatic Renal Cell Carcinoma,ACTIVE_NOT_RECRUITING,2019-06-25,2022-01-31,855,Renal Cell Carcinoma,Cabozantinib; Nivolumab; Ipilimumab; Cabozantinib-matched placebo,https://clinicaltrials.gov/study/NCT03937219
EXEL,"EXELIXIS, INC.",13476846076.646057,Oncology,NCT03690388,A Study of Cabozantinib Compared With Placebo in Subjects With Radioiodine-refractory Differentiated Thyroid Cancer Who Have Progressed After Prior Vascular Endothelial Growth Factor Receptor (VEGFR) -Targeted Therapy,ACTIVE_NOT_RECRUITING,2018-10-05,2020-08-19,187,Differentiated Thyroid Cancer,Cabozantinib; Placebo,https://clinicaltrials.gov/study/NCT03690388
EXEL,"EXELIXIS, INC.",13476846076.646057,Oncology,NCT03755791,Study of Cabozantinib in Combination With Atezolizumab Versus Sorafenib in Participants With Advanced Hepatocellular Carcinoma (HCC) Who Have Not Received Previous Systemic Anticancer Therapy,ACTIVE_NOT_RECRUITING,2018-06-10,2021-11-30,837,Hepatocellular Carcinoma,Cabozantinib; Cabozantinib; Sorafenib; Atezolizumab,https://clinicaltrials.gov/study/NCT03755791
JAZZ,Jazz Pharmaceuticals plc,16368859974.044281,Oncology,NCT06435429,"A Study Comparing the Efficacy and Safety of Zanidatamab to Trastuzumab, Each in Combination With Physician's Choice Chemotherapy, for the Treatment of Participants With Metastatic HER2-positive Breast Cancer",RECRUITING,2024-08-13,2028-04-28,550,Metastatic HER2-positive Breast Cancer,Zanidatamab; Trastuzumab; Eribulin; Vinorelbine; Gemcitabine; Capecitabine,https://clinicaltrials.gov/study/NCT06435429
JAZZ,Jazz Pharmaceuticals plc,16368859974.044281,Oncology,NCT06282575,Efficacy and Safety of Zanidatamab With Standard-of-care Therapy Against Standard-of-care Therapy for Advanced HER2-positive Biliary Tract Cancer,RECRUITING,2024-07-19,2028-12-01,286,Biliary Tract Cancer,Zanidatamab; Cisplatin; Gemcitabine; Pembrolizumab; Durvalumab,https://clinicaltrials.gov/study/NCT06282575
JAZZ,Jazz Pharmaceuticals plc,16368859974.044281,Oncology,NCT05580562,ONC201 in H3 K27M-mutant Diffuse Glioma Following Radiotherapy (the ACTION Study),RECRUITING,2023-01-23,2028-06,510,H3 K27M; Glioma,Dordaviprone (ONC201); Dordaviprone (ONC201) + Placebo; Placebo,https://clinicaltrials.gov/study/NCT05580562
JAZZ,Jazz Pharmaceuticals plc,16368859974.044281,Oncology,NCT05152147,A Study of Zanidatamab in Combination With Chemotherapy Plus or Minus Tislelizumab in Patients With HER2-positive Advanced or Metastatic Gastric and Esophageal Cancers,ACTIVE_NOT_RECRUITING,2021-12-02,2026-07-31,920,Gastric Neoplasms; Gastroesophageal Adenocarcinoma; Esophageal Adenocarcinoma,Zanidatamab; Tislelizumab; Trastuzumab; Capecitabine; Oxaliplatin; Cisplatin,https://clinicaltrials.gov/study/NCT05152147
